token,count,proposed,auto_corroborated,decision
অভিব্যস্তি,12,অভিব্যক্তি,yes,fix
অভিব্যস্তির,11,অভিব্যক্তির,yes,fix
জীবপ্রযুস্তি,8,জীবপ্রযুক্তি,yes,fix
জীবনীশস্তি,6,জীবনীশক্তি,yes,fix
শনাস্ত,5,শনাক্ত,yes,fix
ব্যস্তির,5,ব্যক্তির,yes,fix
রস্তের,3,রক্তের,yes,fix
ডাস্তারের,3,ডাক্তারের,yes,fix
রস্তকোষ,3,রক্তকোষ,yes,fix
যুস্তিসহ,2,যুক্তিসহ,yes,fix
ব্যস্তি,2,ব্যক্তি,yes,fix
জীবপ্রযুস্তির,2,জীবপ্রযুক্তির,yes,fix
রস্তবাহিকা,2,রক্তবাহিকা,yes,fix
অতিরিস্ত,2,অতিরিক্ত,yes,fix
জিনপ্রযুস্তি,1,জিনপ্রযুক্তি,yes,fix
বিভস্ত,1,বিভক্ত,yes,fix
নিষিস্তকরণ,1,নিষিক্তকরণ,yes,fix
ডাস্তার,1,ডাক্তার,yes,fix
শস্তির,1,শক্তির,yes,fix
মাত্রাতিরিস্ত,1,মাত্রাতিরিক্ত,yes,fix
যুস্ত,1,যুক্ত,yes,fix
শস্তি,1,শক্তি,yes,fix
তাপশস্তি,1,তাপশক্তি,yes,fix
রস্ত,1,রক্ত,yes,fix
রস্তকোষের,1,রক্তকোষের,yes,fix
রস্তরসের,1,রক্তরসের,yes,fix
রস্তকণিকা,1,রক্তকণিকা,yes,fix
বস্তু,34,বক্তু,,
স্তরের,30,ক্তরের,,
প্রস্তুত,26,প্রক্তুত,,
স্ত্রী,24,ক্ত্রী,,
মস্তিষ্কের,20,মক্তিষ্কের,,
মস্তিষ্ক,19,মক্তিষ্ক,,
স্তর,16,ক্তর,,
বাস্তুতন্ত্রের,15,বাক্তুতন্ত্রের,,
বিস্তৃত,13,বিক্তৃত,,
ক্ষতিগ্রস্ত,13,ক্ষতিগ্রক্ত,,
মস্তিষ্কে,12,মক্তিষ্কে,,
আস্তে,10,আক্তে,,
সমস্ত,9,সমক্ত,,
বস্তুর,9,বক্তুর,,
অস্তিত্ব,8,অক্তিত্ব,,
বিন্যস্ত,8,বিন্যক্ত,,
বিস্তার,7,বিক্তার,,
খাদ্যবস্তু,7,খাদ্যবক্তু,,
বিস্তারিত,6,বিক্তারিত,,
পুংস্তবক,6,পুংক্তবক,,
বাস্তুতন্ত্রে,6,বাক্তুতন্ত্রে,,
স্তরে,6,ক্তরে,,
বাধাগ্রস্ত,5,বাধাগ্রক্ত,,
স্তবক,5,ক্তবক,,
অস্তিত্বের,5,অক্তিত্বের,,
বাস্তুতন্দ্রের,5,বাক্তুতন্দ্রের,,
স্তরবিশিষ্ট,5,ক্তরবিশিষ্ট,,
বস্তুকে,5,বক্তুকে,,
স্তরটি,4,ক্তরটি,,
স্ত্রীসতবক,4,ক্ত্রীসতবক,,
বংশবিস্তার,4,বংশবিক্তার,,
বাস্তুতন্ত্র,4,বাক্তুতন্ত্র,,
বাস্তুতন্দ্রে,4,বাক্তুতন্দ্রে,,
খাদ্যবস্তুকে,4,খাদ্যবক্তুকে,,
বস্তুতে,3,বক্তুতে,,
অগ্রমস্তিষ্ক,3,অগ্রমক্তিষ্ক,,
মধ্যমস্তিষ্ক,3,মধ্যমক্তিষ্ক,,
স্ত্রীর,3,ক্ত্রীর,,
অন্তঃস্তরের,3,অন্তঃক্তরের,,
স্তন্যপায়ীদের,3,ক্তন্যপায়ীদের,,
বস্ত্র,3,বক্ত্র,,
বস্তুটি,3,বক্তুটি,,
সৌরশস্তিকে,3,সৌরশক্তিকে,,
খাদ্যবস্তুর,3,খাদ্যবক্তুর,,
দস্তা,3,দক্তা,,
প্রশস্ত,3,প্রশক্ত,,
বিস্তৃতি,2,বিক্তৃতি,,
বিস্তারের,2,বিক্তারের,,
প্রস্তাব,2,প্রক্তাব,,
মস্তিস্কের,2,মক্তিস্কের,,
মধ্যমস্তিষ্কের,2,মধ্যমক্তিষ্কের,,
মস্তিফ্কে,2,মক্তিফ্কে,,
স্তবকের,2,ক্তবকের,,
স্তনগ্রন্থির,2,ক্তনগ্রন্থির,,
পরাস্ত,2,পরাক্ত,,
স্তন্যপায়ী,2,ক্তন্যপায়ী,,
স্ত্রীকে,2,ক্ত্রীকে,,
বাস্তুতন্্র,2,বাক্তুতন্্র,,
বাস্তৃতন্দ্রের,2,বাক্তৃতন্দ্রের,,
খাদ্যস্তরে,2,খাদ্যক্তরে,,
বাস্তৃতন্দ্রে,2,বাক্তৃতন্দ্রে,,
প্রস্তুতে,2,প্রক্তুতে,,
স্তরকে,2,ক্তরকে,,
বাস্তুতান্ত্রিক,2,বাক্তুতান্ত্রিক,,
বাস্তুতত্ত্র,2,বাক্তুতত্ত্র,,
বিষাস্ততা,2,বিষাক্ততা,,
স্তরীভূত,2,ক্তরীভূত,,
বহিঃস্তর,2,বহিঃক্তর,,
মধ্যস্তর,2,মধ্যক্তর,,
অন্তঃস্তর,2,অন্তঃক্তর,,
বাস্তুবিদ্যা,1,বাক্তুবিদ্যা,,
সম্পৃস্ততা,1,সম্পৃক্ততা,,
দৃষ্টিশস্তি,1,দৃষ্টিশক্তি,,
পুস্তকাকারে,1,পুক্তকাকারে,,
বিস্তারিতভাবে,1,বিক্তারিতভাবে,,
টিস্যুতস্তেের,1,টিস্যুতক্তেের,,
নিস্তেজকও,1,নিক্তেজকও,,
নিস্তেজক,1,নিক্তেজক,,
পশ্চাৎমস্তিষ্ক৷,1,পশ্চাৎমক্তিষ্ক৷,,
গুরুমস্তিষ্কও,1,গুরুমক্তিষ্কও,,
বাকশস্তি,1,বাকশক্তি,,
অগ্রমস্তিষ্কের,1,অগ্রমক্তিষ্কের,,
মস্তিষ্ককে,1,মক্তিষ্ককে,,
মধ্যমস্তিক্কের,1,মধ্যমক্তিক্কের,,
পশ্চাৎমস্তিষ্ক,1,পশ্চাৎমক্তিষ্ক,,
গলজিবস্তু,1,গলজিবক্তু,,
পুস্তক,1,পুক্তক,,
মাদকাশস্তির,1,মাদকাশক্তির,,
ইচ্ছাশস্তির,1,ইচ্ছাশক্তির,,
চিন্তাশস্তি,1,চিন্তাশক্তি,,
মাদকাসস্তির,1,মাদকাসক্তির,,
মাদকাসস্তি,1,মাদকাসক্তি,,
স্ত্রীস্তবক,1,ক্ত্রীক্তবক,,
স্তবকগুলো,1,ক্তবকগুলো,,
স্তবকই,1,ক্তবকই,,
স্ত্রীপতবকের,1,ক্ত্রীপতবকের,,
স্তবককে,1,ক্তবককে,,
পুংস্তবকে,1,পুংক্তবকে,,
পুংস্তবকের,1,পুংক্তবকের,,
স্ত্রীদ্তবক,1,ক্ত্রীদ্তবক,,
স্ত্রীজননকোষ,1,ক্ত্রীজননকোষ,,
স্ত্রীজনন,1,ক্ত্রীজনন,,
স্ত্রীদেহের,1,ক্ত্রীদেহের,,
আাস্ত্রোজেন,1,আাক্ত্রোজেন,,
অভিতব্যস্তির,1,অভিতব্যক্তির,,
বংশগতিবস্তু,1,বংশগতিবক্তু,,
বংশগতিবস্তুর,1,বংশগতিবক্তুর,,
শনাস্তকরণ,1,শনাক্তকরণ,,
শনাস্তকারী,1,শনাক্তকারী,,
অভিতব্যস্তি,1,অভিতব্যক্তি,,
বহিঃস্তরে,1,বহিঃক্তরে,,
ব্যস্তিসতরে,1,ব্যক্তিসতরে,,
শিলাস্তরে,1,শিলাক্তরে,,
প্রস্তরীভূত,1,প্রক্তরীভূত,,
বাস্তুত্্র,1,বাক্তুত্্র,,
বাস্তুতন্দ্র,1,বাক্তুতন্দ্র,,
বাস্তুতন্তকে,1,বাক্তুতন্তকে,,
বাস্তুতন্দর,1,বাক্তুতন্দর,,
আস্ত,1,আক্ত,,
দ্বিতীয়স্তরের,1,দ্বিতীয়ক্তরের,,
তৃতীয়স্তরের,1,তৃতীয়ক্তরের,,
সর্বোচ্চস্তরের,1,সর্বোচ্চক্তরের,,
খাদ্যশস্তি,1,খাদ্যশক্তি,,
বাস্তুতন্ত্ের,1,বাক্তুতন্ত্ের,,
পুষ্টিস্তরের,1,পুষ্টিক্তরের,,
শনাস্তকরণযোগ্য,1,শনাক্তকরণযোগ্য,,
বাস্তুতান্দ্রিক,1,বাক্তুতান্দ্রিক,,
বাস্তুতম্তের,1,বাক্তুতম্তের,,
বাস্তুতন্ত্রকে,1,বাক্তুতন্ত্রকে,,
বাস্তব,1,বাক্তব,,
স্মস্তিত,1,স্মক্তিত,,
জড়বস্তু,1,জড়বক্তু,,
মাইটোকস্তিয়া,1,মাইটোকক্তিয়া,,
শাস্তি,1,শাক্তি,,
বস্তুগুলো,1,বক্তুগুলো,,
স্তন্তের,1,ক্তন্তের,,
লবণাস্ত,1,লবণাক্ত,,
স্তম্ভ,1,ক্তম্ভ,,
স্তস্তের,1,ক্তক্তের,,
ত্বকস্তর,1,ত্বকক্তর,,
মস্তিস্ককে,1,মক্তিস্ককে,,
প্রস্তুতিমূলক,1,প্রক্তুতিমূলক,,
বাস্তবে,1,বাক্তবে,,
প্রস্তুতি,1,প্রক্তুতি,,
জৈবশস্তি,1,জৈবশক্তি,,
প্রস্তুতকরণে,1,প্রক্তুতকরণে,,
প্রস্তুতের,1,প্রক্তুতের,,
বস্তুরূপে,1,বক্তুরূপে,,
স্ত্রেবস,1,ক্ত্রেবস,,
উচ্চশস্তির,1,উচ্চশক্তির,,
খাদ্যপ্রস্তুত,1,খাদ্যপ্রক্তুত,,
দস্তার,1,দক্তার,,
বিপর্যস্ত,1,বিপর্যক্ত,,
বস্তুগুলোকে,1,বক্তুগুলোকে,,
বাস্তবমুখী,1,বাক্তবমুখী,,
স্তন্যদানকারী,1,ক্তন্যদানকারী,,
খাদ্যশস্তির,1,খাদ্যশক্তির,,
প্রস্তুতিকালে,1,প্রক্তুতিকালে,,
খাদ্যবস্তুগুলো,1,খাদ্যবক্তুগুলো,,
তিস্ত,1,তিক্ত,,
আস্তরিকগ্রন্থি,1,আক্তরিকগ্রন্থি,,
স্ষুদ্রাস্ত্রে,1,স্ষুদ্রাক্ত্রে,,
অস্ত্রের,1,অক্ত্রের,,
অস্বস্তিকর,1,অস্বক্তিকর,,
অস্ত্রে,1,অক্ত্রে,,
অস্বস্তিবোধ,1,অস্বক্তিবোধ,,
বিস্তারে,1,বিক্তারে,,
নিস্তেজ,1,নিক্তেজ,,
প্রস্তুতকৃত,1,প্রক্তুতকৃত,,
প্রস্তৃতসহ,1,প্রক্তৃতসহ,,
জীবনীশস্তির,1,জীবনীশক্তির,,
স্তরটিতে,1,ক্তরটিতে,,
সারবস্তু,1,সারবক্তু,,
দুশ্চিন্তাগ্রস্ত,1,দুশ্চিন্তাগ্রক্ত,,
ফুসকুড়িযুস্ত,1,ফুসকুড়িযুক্ত,,
প্রস্তুতকারী,1,প্রক্তুতকারী,,
বস্তুকণা,1,বক্তুকণা,,
অস্ত্রোপচার,1,অক্ত্রোপচার,,
